,fi,ru,sv,en,es,it,ar,ja,nds,tr,fr,zh,de,pl,ko,pt,la,uk,et,vi,da,th,eo,no,nl,fa,ca,hu,cs,lv,he,id,lt,el,lang_count,park_id,users,posts
9238,2.0,,,,,,,,,,,,,,,,,,,,,,,,,,,,,,,,,,1,9238,2,2
9242,25.0,1.0,,,,,,,,,,,,,,,,,,,,,,,,,,,,,,,,,2,9242,14,26
9309,4.0,,,,,,,,,,,,,,,,,,,,,,,,,,,,,,,,,,1,9309,4,4
9371,224.0,2.0,12.0,9.0,4.0,3.0,1.0,1.0,1.0,,,,,,,,,,,,,,,,,,,,,,,,,,9,9371,116,261
9427,14.0,,,,,,,,,,,,,,,,,,,,,,,,,,,,,,,,,,1,9427,11,14
9433,2.0,,,,,,,,,,,,,,,,,,,,,,,,,,,,,,,,,,1,9433,2,2
9435,7.0,,,1.0,,,1.0,,,1.0,,,,,,,,,,,,,,,,,,,,,,,,,4,9435,8,10
9482,658.0,30.0,49.0,97.0,21.0,6.0,1.0,4.0,,4.0,10.0,9.0,7.0,5.0,3.0,2.0,2.0,1.0,1.0,1.0,1.0,1.0,,,,,,,,,,,,,21,9482,595,920
9495,263.0,2.0,3.0,15.0,,2.0,1.0,,,,6.0,,2.0,,,,,,,,,,2.0,1.0,,,,,,,,,,,10,9495,78,297
9497,4.0,,,,,,,,,,,,,,,,,,,,,,,,,,,,,,,,,,1,9497,4,4
9499,32.0,1.0,,4.0,,,,,,,,,,,,,,,,,,,,,2.0,,,,,,,,,,4,9499,16,39
9500,142.0,5.0,5.0,4.0,,,,,,,1.0,,,,,,,,1.0,,,,1.0,,,,,,,,,,,,7,9500,71,160
9542,408.0,5.0,36.0,26.0,,5.0,,1.0,,,1.0,,2.0,,5.0,,,,3.0,,,,,,,,,,,,,,,,10,9542,233,495
9543,238.0,4.0,9.0,31.0,,,,4.0,,,1.0,,,,,,,,,,,,,,,,,,,,,,,,6,9543,166,289
9557,6.0,,,,,,,,,,,,,,,,,,,,,,,,,,,,,,,,,,1,9557,5,6
9558,11.0,2.0,1.0,,,,,,,,,,1.0,,,,,,,,,,,,,,,,,,,,,,4,9558,13,15
9654,131.0,8.0,5.0,20.0,4.0,4.0,,,,1.0,,,1.0,1.0,,,,,,,,,,,,,,,,,,,,,9,9654,136,176
9655,50.0,,3.0,5.0,1.0,,,,,,,,,,,,1.0,,,,,,,,,,,,,,,,,,5,9655,35,61
9700,46.0,,2.0,5.0,,1.0,,,,1.0,,,,,,,,,,,,,,,,,,,,,,,,,5,9700,29,56
9701,11.0,1.0,1.0,2.0,,,,,,,,,,,,,,,,,,,,,,,,,,,,,,,4,9701,15,15
9703,6.0,,2.0,,,4.0,,,,,,,,,,,,,,,,,,,,,,,,,,,,,3,9703,9,12
9705,11.0,,2.0,,,,,2.0,,,,,,,,,,,,,,,,,,,,,,,,,,,3,9705,12,15
9743,1.0,,,,,,,,,,,,,,,,,,,,,,,,,,,,,,,,,,1,9743,1,1
9748,35.0,,1.0,3.0,,,,,,,1.0,,,,,,,,,,,,,,,,,,,,,,,,4,9748,28,41
9825,13.0,,,5.0,,,,,,,,,,,,,,,,,,,,,,,,,,,,,,,2,9825,15,18
9875,1.0,,,3.0,,,,,,,,,,,,,,,,,,,,,,,,,,,,,,,2,9875,2,4
9905,111.0,1.0,6.0,8.0,,,,,1.0,,1.0,1.0,,1.0,,,,,,,,,,,1.0,,,,,,,,,,9,9905,62,132
9911,34.0,2.0,,1.0,,,,,,,,,,,,,,,,,,,,,,,,,,,,,,,3,9911,18,37
9912,192.0,1.0,32.0,19.0,,,,,,,1.0,,1.0,,,,,,,,,,,,1.0,,,,,,,,,,7,9912,170,251
9913,7.0,,,3.0,,,,,,,,,,,,,,,,,,,,,,,,,,,,,,,2,9913,4,10
9914,67.0,12.0,3.0,9.0,3.0,,,,,,,,2.0,,,,,,,,,,,,,,,,,,,,,,6,9914,63,99
9930,250.0,11.0,21.0,30.0,2.0,1.0,1.0,2.0,,,6.0,1.0,2.0,,1.0,,1.0,,,,,,,,,1.0,,,,,,,,,14,9930,232,333
9931,133.0,10.0,6.0,7.0,,,,,,,,,1.0,,,,,,,,,,,,,,,,,,,,,,5,9931,91,159
9932,80.0,1.0,2.0,10.0,,,,,,,,1.0,2.0,,,1.0,,,,,,,,,,,,,,,,,,,7,9932,80,99
9958,174.0,4.0,4.0,27.0,2.0,2.0,,,,,4.0,,1.0,,,3.0,,,,,,,,,1.0,,,,,,,,,,10,9958,165,222
9959,29.0,,,2.0,,,,,,,,,,,,,,,2.0,,,,,,,,,,,,,,,,3,9959,17,33
9987,1.0,,,,,,,,,,,,,,,,,,,,,,,,,,,,,,,,,,1,9987,2,2
10010,2699.0,116.0,87.0,515.0,54.0,29.0,3.0,37.0,1.0,8.0,29.0,4.0,32.0,7.0,6.0,34.0,,,8.0,2.0,8.0,5.0,3.0,5.0,3.0,,6.0,4.0,2.0,,,,,,26,10010,2283,3777
10015,1.0,,,,,,,,,,,,,,,,,,,,,,,,,,,,,,,,,,1,10015,1,1
10042,2077.0,271.0,86.0,475.0,44.0,25.0,4.0,29.0,3.0,8.0,34.0,22.0,17.0,4.0,20.0,21.0,9.0,2.0,11.0,,6.0,3.0,1.0,2.0,3.0,1.0,,3.0,,3.0,2.0,1.0,,,29,10042,2160,3252
10043,672.0,90.0,30.0,126.0,12.0,3.0,,1.0,,1.0,14.0,,5.0,2.0,,9.0,1.0,,2.0,,,,3.0,,,,1.0,,,,,,,,16,10043,665,985
10044,233.0,13.0,9.0,21.0,2.0,,,1.0,,,2.0,,2.0,,,,,,,,,,,,,,,,,,,,,,8,10044,235,285
10046,13.0,,,,,,,,,,,,,,,,,,,,,,,,,,,,,,,,,,1,10046,2,13
10064,160.0,13.0,21.0,29.0,4.0,1.0,,,,,2.0,,,,,,2.0,,,,,,2.0,,1.0,,,1.0,,,,,,,11,10064,192,239
10071,191.0,7.0,10.0,28.0,3.0,3.0,,5.0,,,1.0,,4.0,1.0,,2.0,,1.0,,,,,,,,,,2.0,,,,,,,13,10071,212,259
10104,4240.0,524.0,161.0,585.0,47.0,43.0,8.0,42.0,1.0,2.0,31.0,7.0,62.0,6.0,8.0,21.0,3.0,7.0,58.0,2.0,6.0,16.0,4.0,4.0,6.0,1.0,1.0,6.0,1.0,3.0,2.0,1.0,1.0,,33,10104,4738,6122
10105,499.0,11.0,7.0,41.0,5.0,1.0,2.0,15.0,,1.0,1.0,,7.0,,,1.0,,,5.0,,,,,,,,,,,,,,,,13,10105,432,610
10171,695.0,65.0,47.0,152.0,11.0,6.0,,1.0,,2.0,17.0,,13.0,7.0,9.0,5.0,,,2.0,,2.0,,1.0,2.0,1.0,,,4.0,2.0,1.0,,1.0,,2.0,23,10171,820,1066
10388,12.0,3.0,,1.0,,1.0,,,,,,,,,,,,,,,,,,,,,,,,,,,,,4,10388,16,17
10427,102.0,9.0,,10.0,,,,3.0,,2.0,1.0,2.0,2.0,,,,,,,,,,,,2.0,,,,,,,,,,9,10427,104,133
10429,44.0,13.0,2.0,10.0,1.0,,,,,,,,,,,,,,,,,,,1.0,,,,,,,,,,,6,10429,57,72
10437,266.0,6.0,5.0,38.0,,4.0,,7.0,,,3.0,,1.0,,,1.0,,,,,,,,,,,,,,,,,,,9,10437,141,331
10438,22.0,3.0,1.0,3.0,,,,,,1.0,1.0,,,,,,,,,,,,,,,,,,,,,,,,6,10438,26,31
10444,5.0,,,,1.0,,,,,,,,,,,,,,,,,,,,,,,,,,,,,,2,10444,4,6
10475,50.0,19.0,1.0,17.0,4.0,2.0,,3.0,,2.0,3.0,,1.0,,,1.0,,,,,1.0,,,,,,,,,,,,,,12,10475,93,105
10476,1619.0,309.0,47.0,529.0,41.0,27.0,2.0,42.0,4.0,9.0,27.0,22.0,62.0,1.0,20.0,15.0,,5.0,7.0,2.0,,4.0,2.0,3.0,6.0,1.0,2.0,1.0,4.0,,,,,,27,10476,1964,2893
10477,805.0,153.0,53.0,133.0,6.0,6.0,,11.0,25.0,4.0,6.0,8.0,11.0,,1.0,20.0,,,3.0,,2.0,3.0,2.0,1.0,1.0,,1.0,,3.0,,1.0,1.0,2.0,,25,10477,822,1287
10479,842.0,47.0,64.0,141.0,6.0,3.0,1.0,4.0,,12.0,4.0,1.0,13.0,,,22.0,1.0,,1.0,,1.0,,,,2.0,,,4.0,1.0,1.0,,,,,20,10479,661,1183
10481,509.0,10.0,14.0,59.0,4.0,,,12.0,,1.0,2.0,,,,4.0,2.0,,,,,,1.0,,,,,,2.0,,,,,,,12,10481,349,629
10482,362.0,18.0,23.0,39.0,6.0,3.0,,2.0,,,1.0,,1.0,,,1.0,,1.0,,,,1.0,,,,,,,,1.0,,,,,13,10482,229,464
10487,63.0,2.0,1.0,2.0,,1.0,,,,,,,,,,,,,,,,,,,,,,,,,,,,,5,10487,47,69
10519,90.0,8.0,2.0,20.0,2.0,1.0,,3.0,,,,1.0,1.0,,1.0,,,,1.0,,,,,,2.0,,,,,,1.0,,,,13,10519,128,141
10520,23.0,2.0,,5.0,,1.0,,1.0,,,,,,,,,,,,,,,,,,,,,,,,,,,5,10520,24,33
10521,408.0,146.0,8.0,118.0,5.0,18.0,,7.0,,1.0,7.0,2.0,5.0,1.0,3.0,6.0,1.0,,1.0,,3.0,1.0,,,,,,1.0,,,,,2.0,,20,10521,527,756
10522,5.0,1.0,,6.0,,,,,,,,,,,,,,,,,,,,,,,,,,,,,,,3,10522,8,12
10523,728.0,30.0,16.0,94.0,2.0,5.0,,1.0,,3.0,10.0,3.0,,,,1.0,,,2.0,1.0,,,2.0,,,,,1.0,,,,,,,15,10523,650,907
10526,4.0,,,,,,,,,,,,,,,,,,,,,,,,,,,,,,,,,,1,10526,1,4
10566,7.0,,,,,,,,,,,,,,,,,,,,,,,,,,,,,,,,,,1,10566,2,7
10606,167.0,1.0,2.0,11.0,1.0,,,,,,,,1.0,,,1.0,,,1.0,,,,,,1.0,,,,,,,,,,9,10606,139,186
10610,35.0,2.0,1.0,5.0,2.0,27.0,,,,,,,1.0,,,,,,1.0,,,35.0,,,,,,,,,,,,,9,10610,36,111
10733,42.0,2.0,,,2.0,,,,,,,,,,,,,,,,,,,,,,,,,,,,,,3,10733,34,46
10806,2.0,,,,,,,,,,,,,,,,,,,,,,,,,,,,,,,,,,1,10806,2,2
10859,20.0,,,,,,,,,,,,,,,,,,,,,,,,,,,,,,,,,,1,10859,4,20
10860,7.0,,,,,,,,,,,,,,,,,,,,,,,,,,,,,,,,,,1,10860,4,7
10861,44.0,,,2.0,2.0,,,,,,1.0,,1.0,,,,,,,,,,,1.0,,,,,,,,,,,6,10861,29,51
10862,61.0,,1.0,6.0,2.0,,,,,,,,,,,,,,,,,,,,,,,,,,,,,,4,10862,58,72
10864,9.0,1.0,8.0,2.0,,,1.0,,,,,,,,,,,,,,,,,,,,,,,,,,,,5,10864,15,23
10913,1.0,,,,,,,,,,,,,,,,,,,,,,,,,,,,,,,,,,1,10913,1,1
10967,22.0,,,1.0,,,,,,,,,,,,,,,,,,,,,,,,,,,,,,,2,10967,20,26
10978,81.0,2.0,2.0,7.0,2.0,,,,,,,,,,,,,,,,,,,,,,,,,,,,,,5,10978,74,94
10979,12.0,,,,,,,,,,,,,,,,,,,,,,,,,,,,,,,,,,1,10979,11,13
10980,4.0,,,4.0,,,,,,,,,,,,,,,,,,,,,,,,,,,,,,,2,10980,5,8
11027,29.0,4.0,1.0,4.0,3.0,,,,,,,,,,,,,,1.0,,,,,,,,,,,,,,,,6,11027,39,42
11034,27.0,,,8.0,,,,,,,,,,,,,,,,,,,,,,,,,,,,,,,2,11034,20,36
11035,95.0,5.0,5.0,14.0,2.0,,,,,,1.0,,1.0,,,,,,1.0,,,,,1.0,,,,,,,,,,,9,11035,94,125
11083,1.0,,,,,,,,,,,,,,,,,,,,,,,,,,,,,,,,,,1,11083,1,1
11093,3.0,1.0,,,,,,,,,,,,,,,,,,,,,,,,,,,,,,,,,2,11093,4,4
11103,9.0,,,1.0,,,,,,,,,,,,,,,,,,,,,,,,,,,,,,,2,11103,10,10
11153,1.0,,,,,,,,,,,,,,,,,,,,,,,,,,,,,,,,,,1,11153,1,1
11154,4.0,1.0,,,,,,,,,,,,,,,,,,,,,,,,,,,,,,,,,2,11154,3,5
11185,85.0,5.0,,7.0,,,,,5.0,,,,,,,,,,,,,,,,,,,7.0,,,,,,,5,11185,59,111
11201,10.0,,1.0,3.0,,,,,,,,,,,,,,,,,,,,,,,,,,,,,,,3,11201,11,14
11229,2.0,,,,,,,,,,,,,,,,,,,,,,,,,,,,,,,,,,1,11229,2,2
11266,37.0,,,,2.0,,,,,,,,1.0,,,1.0,,,,,,,,,,,,,,,,,,,4,11266,23,41
11368,9.0,16.0,,9.0,,,,,,4.0,1.0,1.0,,1.0,,,,,,,,,,,,,,,,,,,,,7,11368,21,41
11369,6.0,1.0,,,,,,,,,,,,,,,,,,,,,,,,,,,,,,,,,2,11369,6,7
11419,2.0,,,,,,,,,,,,,,,,,,,,,,,,,,,,,,,,,,1,11419,4,4
11422,2.0,,,,,,,,,,,,,,,69.0,,,4.0,,,,,,,,,,,,,,,,3,11422,7,76
11443,6.0,,1.0,,,1.0,,,,,,,,,,,,,,,,,,,,,,,,,,,,,3,11443,8,8
11484,3.0,,,,,,,,,,,,,,,,,,,,,,,,,,,,,,,,,,1,11484,2,3
11500,8.0,1.0,,17.0,1.0,1.0,,,,,,,,,,1.0,,,,,,,,,,,,,,,,,,,6,11500,29,35
11670,34.0,,4.0,1.0,,,,,,1.0,,,,,,,,,,,,,,,,,,,,,,,,,4,11670,33,40
11722,71.0,12.0,,21.0,1.0,1.0,1.0,,,1.0,1.0,,,,,,,,,1.0,,,,,,,,,,,,,,,9,11722,74,110
11900,2.0,,,,,,,,,,,,,,,,,,,,,,,,,,,,,,,,,,1,11900,1,2
12053,4.0,,,1.0,,,,,,,,,,,,,,,,,,,,,,,,,,,,,,,2,12053,5,5
12087,64.0,3.0,,20.0,,,,,,,,,1.0,,,1.0,,,,,,,,,,,,,,,,,,,5,12087,50,91
12088,2.0,,,,,,,,,,,,,,,,,,,,,,,,,,,,,,,,,,1,12088,2,2
12089,10.0,,,,,,,,,,,,,,,,,,,,,,,,,,,,,,,,,,1,12089,3,10
12103,4.0,,,3.0,,,,,,,,,,,,,,,1.0,,,,,,,,,,,,,,,,3,12103,9,11
12116,8.0,,,1.0,1.0,1.0,,,,,,,,,,,,,,,,8.0,,,,,,,,,,,,,5,12116,11,19
286830,,,1.0,1.0,,,,,,,,,,,,,,,,,,,,,,,,,,,,,,,2,286830,2,2
287240,2.0,,,,,,,,,,,,1.0,,,,,,,,,,,,,,,,,,,,,,2,287240,3,3
288439,69.0,,3.0,8.0,,,,,,,3.0,,,,,,1.0,,,,,,,,,,,,,,,,,,5,288439,67,86
288440,4.0,,,1.0,,,,,,,,,,,,,,,,,,,,,,,,,,,,,,,2,288440,3,5
289252,1.0,1.0,,1.0,,,,,,,,,,,,,,,,,,,,,,,,,,,,,,,3,289252,3,3
289253,10.0,,,,,1.0,,,,,,,,,,,,,,,,,,,,,,,,,,,,,2,289253,9,11
289254,5.0,,,,,,,,,,1.0,,,,,,,,,,,,,,,,,,,,,,,,2,289254,6,6
289255,14.0,,,5.0,,,,,,,,,,,,,,,2.0,,,,,,,,,,,,,,,,3,289255,15,21
289256,3.0,,,,,,,,,,,,,,,,,,,,,,,,,,,,,,,,,,1,289256,3,3
289668,2.0,,,,,,,,,,,,,,,,,,,,,,,,,,,,,,,,,,1,289668,1,2
289670,11.0,4.0,,1.0,,,,,,,,,,,,,,,,,,,,,,,,,,,,,,,3,289670,7,16
290088,26.0,6.0,2.0,1.0,,,,,,,5.0,,,,,,,,,,,,1.0,,,,,,,,,,,,6,290088,30,41
290534,4.0,,3.0,5.0,,,,,,,,,,,,,,,,,,,,,,,,,,,,,,,3,290534,6,12
291365,2.0,1.0,,,,,,,,,,,,,,,,,,,,,,,,,,,,,,,,,2,291365,3,3
291366,280.0,1.0,11.0,26.0,2.0,1.0,,,,,2.0,,2.0,,,,1.0,,1.0,,,,,,,,,,,,,,,,10,291366,222,330
292492,167.0,13.0,8.0,27.0,14.0,,,,,,1.0,,1.0,13.0,1.0,,,,,,,,,,,,,,,,,,,,9,292492,195,246
292493,245.0,6.0,15.0,24.0,6.0,5.0,1.0,2.0,,,3.0,1.0,4.0,,1.0,2.0,,,,,,,,3.0,,,,,,,,,,,14,292493,253,320
292495,1.0,,,,,,,,,,,,,,,,,,,,,,,,,,,,,,,,,,1,292495,1,1
292496,2.0,,,,,,,,,,,,,,,,,,,,,,,,,,,,,,,,,,1,292496,2,2
292498,,1.0,,,,,,,,,,,,,,,,,,,,,,,,,,,,,,,,,1,292498,1,1
292881,378.0,8.0,4.0,31.0,1.0,6.0,,2.0,,,,1.0,1.0,,,,,,,,,,,,4.0,,,,,,,,,,10,292881,315,439
292882,251.0,29.0,17.0,53.0,6.0,4.0,,1.0,1.0,3.0,9.0,,10.0,3.0,,1.0,,,,,3.0,,,,2.0,,,,,,,,,,15,292882,321,397
292884,501.0,17.0,39.0,56.0,1.0,2.0,1.0,,1.0,,,,1.0,,,1.0,,,1.0,,,,,2.0,2.0,,,,,1.0,,,,1.0,15,292884,422,639
292885,2.0,,,,,,,,,,,,,,,,,,,,,,,,,,,,,,,,,,1,292885,2,2
292886,,,,1.0,,,,,,,,,,,,,,,,,,,,,,,,,,,,,,,1,292886,1,1
292887,4.0,,,,,,,,,,,,,,,,,,,,,,,,,,,,,,,,,,1,292887,4,4
292888,2.0,,,,,,,,,,,,,,,,,,,,,,,,,,,,,,,,,,1,292888,2,2
293282,141.0,7.0,10.0,16.0,7.0,9.0,,,,,14.0,1.0,,,2.0,2.0,,,1.0,,,,,,1.0,,,,,,,,,,12,293282,126,211
293283,51.0,3.0,,9.0,,,,,,,,,1.0,,,,,,,,,,,,,,,,,,,,,,4,293283,43,65
293285,47.0,11.0,4.0,1.0,1.0,,,,,,,,,,,,,,,,,,,,,,,,,,,,,,5,293285,43,64
293287,35.0,1.0,1.0,1.0,,1.0,,,,,,,,,,,,,,,,,,,,,,,,,,,,,5,293287,36,39
293293,2.0,,,,,,,,,,,,,,,,,,,,,,,,,,,,,,,,,,1,293293,1,2
293294,8.0,,,,,,,,,,,,,,,,,,,,,,,,,,,,,,,,,,1,293294,3,8
293295,69.0,2.0,1.0,5.0,,,,,,,,,1.0,,,,,,,,,,,,,,,,,,,,,,5,293295,56,79
293732,621.0,3.0,14.0,61.0,2.0,1.0,,,,,1.0,2.0,,,,,,,,1.0,,1.0,,,,,,,,,,,,,10,293732,448,716
294179,331.0,9.0,3.0,26.0,3.0,,1.0,3.0,,1.0,,,1.0,,,2.0,,,,,,,,,,,,,,,,,,,10,294179,313,383
294180,21.0,,3.0,9.0,,,,,,,1.0,,3.0,,,3.0,,,,,,,,,,,,,1.0,,,,,1.0,8,294180,33,42
294181,2617.0,365.0,172.0,715.0,36.0,44.0,14.0,16.0,4.0,4.0,17.0,7.0,100.0,3.0,6.0,32.0,,4.0,13.0,4.0,16.0,2.0,2.0,9.0,1.0,,3.0,4.0,5.0,4.0,,2.0,,1.0,30,294181,3163,4368
294605,18.0,,1.0,4.0,,,,,,,,,,,,,,,,,,,,,,,,,,,,,,,3,294605,21,23
295002,462.0,13.0,6.0,78.0,2.0,2.0,1.0,,,,3.0,,3.0,,,1.0,,,1.0,,,,,,,,,,,,2.0,,,,12,295002,393,578
295397,1.0,,,,,,,,,,,,,,,,,,,,,,,,,,,,,,,,,,1,295397,1,1
295398,,,,2.0,,,,,,,,,,,,,,,,,,,,,,,,,,,,,,,1,295398,1,2
295806,1.0,,,,,,,,,,,,,,,,,,,,,,,,,,,,,,,,,,1,295806,1,1
296952,9.0,,,,,,,,,,,,,,,,,,,,,,,,,,,,,,,,,,1,296952,2,9
296953,22.0,,,,,,,,,,,1.0,,,,,,,,,,,,,,,,,,,,,,,2,296953,11,24
296957,,1.0,,,,,,,,,,,,,,,,,,,,,,,,,,,,,,,,,1,296957,1,1
296958,5.0,,,4.0,,,,,,,,,3.0,,,,,,,,,,,,,,,,,,,,,,3,296958,9,12
296959,790.0,29.0,9.0,69.0,7.0,8.0,,4.0,,,3.0,17.0,4.0,2.0,2.0,,,,4.0,,2.0,,,3.0,,,,1.0,,,,,4.0,,17,296959,660,971
297344,2.0,,,,,,1.0,,,,,,,,,,,,,,,,,,,,,,,,,,,,2,297344,3,3
297708,130.0,1.0,1.0,1.0,,,,,,,,,2.0,,,,,,,,,,,,,,,,,,,,,,5,297708,47,135
297709,3.0,,,,,,,,,,,,,,,,,,,,,,,,,,,,,,,,,,1,297709,3,3
297712,9.0,,,,,,,,,,4.0,,,,,,,,,,,,,,,,,,,,,,,,2,297712,9,13
297713,19.0,,,1.0,,,,,,,,,1.0,,,,,,,,,,,,,1.0,,,,,,,,,4,297713,18,23
298061,337.0,2.0,4.0,12.0,,1.0,,,,,,,4.0,,,,,,,,,,,,,,,,,,,,,,6,298061,166,363
298062,47.0,,,2.0,,,,,,,,,,,,,,,,,,,,,,,,,,,,,,,2,298062,24,51
298434,87.0,,10.0,7.0,1.0,,,,,,,,1.0,,1.0,,,,,,2.0,,,,,,,,,,,,,,7,298434,80,110
298440,12.0,,1.0,,,,,,,,,,,,,,,,,,,,,,,5.0,,,,,,,,,3,298440,8,18
298842,,,1.0,,,,,,,,,,,,,,,,,,,,,,,,,,,,,,,,1,298842,1,1
298843,1845.0,643.0,96.0,349.0,18.0,71.0,12.0,49.0,,3.0,13.0,17.0,11.0,3.0,10.0,14.0,5.0,4.0,28.0,1.0,3.0,,4.0,2.0,6.0,1.0,1.0,2.0,1.0,,,,3.0,,28,298843,2303,3322
298845,10.0,1.0,,1.0,,,,,,,,,,,,,,,,,,,,,,,,,,,,,,,3,298845,6,12
298847,61.0,1.0,1.0,4.0,,1.0,,,,,,,,,,,,,,,,,,,,,,,,,,,,,5,298847,47,68
298848,3.0,1.0,,,,,,,,,,,,,,,,,,,,,,,,,,,,,,,,,2,298848,4,4
298849,,,,,,,,,,,1.0,,,,,,,,,,,,,,,,,,,,,,,,1,298849,1,1
298855,14.0,1.0,1.0,2.0,1.0,,,,,,,,,,,1.0,,,,,,,,,,,,,,,,,,,6,298855,21,22
299240,,1.0,,,,,,,,,,,,,,,,,,,,,,,,,,,,,,,,,1,299240,1,1
299241,245.0,3.0,8.0,18.0,1.0,,,,,,,1.0,,,,,,,1.0,,,,,1.0,,,,,,,,,,,8,299241,214,284
299242,323.0,16.0,10.0,32.0,5.0,2.0,,1.0,,1.0,,,1.0,5.0,,1.0,,,3.0,,,1.0,,1.0,,,,1.0,,,,,,,15,299242,314,408
299625,218.0,6.0,9.0,23.0,5.0,1.0,,,,,1.0,,1.0,,,,,,1.0,,,,,4.0,,,,,,,,,,,10,299625,225,271
300016,10.0,,,,,,,,,,,,,,,,,,,,,,,,,,,,,,,,,,1,300016,8,10
300834,603.0,11.0,9.0,36.0,7.0,7.0,,,,,7.0,,4.0,1.0,,,,,,,,,,,,,,,,,,,,,9,300834,395,690
300835,1.0,,,,,,,,,,,,,,,,,,,,,,,,,,,,,,,,,,1,300835,1,1
301256,418.0,8.0,8.0,68.0,2.0,3.0,,,,1.0,2.0,1.0,13.0,,,4.0,,1.0,1.0,,,,,,8.0,,,,,,,,,,14,301256,310,543
301629,12.0,,,,,,,,,,,,,,,,,,,,,,,,,,,,,,,,,,1,301629,11,13
301631,2.0,,,,,,,,,,3.0,,,,,,,,,,,,,,,,,,,,,,,,2,301631,2,5
301632,1.0,,,,,,,,,,,,,,,,,,,,,,,,,,,,,,,,,,1,301632,1,1
302023,61.0,1.0,,14.0,,,,,,,,,1.0,,,,21.0,,,,,,5.0,,,,,,,,,,,,6,302023,38,104
302026,5.0,,,1.0,,,,,,,,,,,,,,,,,,,,,,,,,,,,,,,2,302026,6,6
302027,4.0,,,,,,,,,,,,,,,,,,,,,,,,,,,,,,,,,,1,302027,3,4
302434,2.0,,,,,,,,,,,,,,,,,,,,,,,,,,,,,,,,,,1,302434,1,2
302814,39.0,1.0,2.0,6.0,,,,,,,,,,,,,,,,,,,1.0,,,,,,,,,,,,5,302814,37,50
302815,23.0,,,4.0,2.0,,,,,,,,,,,,,,1.0,,,,,,,,,,,,,,,,4,302815,28,31
302818,,,1.0,,,,,,,,,,,,,,,,,,,,,,,,,,,,,,,,1,302818,1,1
303187,36.0,1.0,,4.0,,,,,,,,,,,,,,,,,,,,,,,,,,,,,,,3,303187,28,42
303188,3.0,,,,,,,,,,,,,,,,,,,,,,,,,,,,,,,,,,1,303188,3,3
303543,1.0,,,2.0,,,,,,,,,,,,,,,,,,,,,,,,,,,,,,,2,303543,2,3
303883,2.0,,,,,,,,,,,,,,,,,,,,,,,,,,,,,,,,,,1,303883,2,2
303884,14.0,,8.0,,,,,,,,,,,,,,,,,,,,,,,,,,,,,,,,2,303884,6,22
304243,12.0,,9.0,,,,,,,,,,,,,,,,,,,,,,,,,,,,,,,,2,304243,13,22
304969,6.0,,,,,,,,,,,,,,,,,,,,,,,,,,,,,,,,,,1,304969,4,6
305681,4.0,,1.0,,,,,,,,,,,,,,,,,,,,,,,,,,,,,,,,2,305681,4,5
305684,49.0,35.0,1.0,26.0,4.0,1.0,,,,,3.0,1.0,2.0,,,,,,,,,14.0,,,,,,,,,,,,,10,305684,100,139
305692,3.0,1.0,,,,,,,,,,,,,,,,,,,,,,,,,,,,,,,,,2,305692,4,4
306039,28.0,,,1.0,,,,,,,,,,,,,,,,,,,,,,,,,,,,,,,2,306039,14,29
306433,98.0,25.0,3.0,21.0,,7.0,,1.0,,,6.0,,1.0,,,1.0,,,1.0,,,,,,,,,,,,1.0,,,,11,306433,121,165
306437,22.0,2.0,1.0,2.0,,,,,,,,,,,,,,,,,2.0,,,,,,,,,,,,,,5,306437,28,29
309826,7.0,1.0,,1.0,2.0,,,,,,,,,,,,,,,,,,,,,,,,,,,,,,4,309826,7,11
309827,2.0,,,,,,,,,,,,,,,,,,,,,,,,,,,,,,,,,,1,309827,2,2
310186,28.0,,,1.0,,,,,,,,,,,,,,,,,,,,,,,,,,,,,,,2,310186,23,29
310586,,1.0,,,,,,,,,,,,,,,,,,,,,,,,,,,,,,,,,1,310586,1,1
310587,59.0,20.0,5.0,54.0,8.0,1.0,3.0,4.0,,1.0,,,2.0,,1.0,,,,,,1.0,,,,,1.0,,,1.0,,1.0,1.0,2.0,,17,310587,131,171
310588,1.0,,5.0,,,,,,,,,,,,,,,,,,,,,,,,,,,,,,,,2,310588,2,6
310991,2.0,4.0,,,,,,,,,,,,,,,,,,,,,,,,,,,,,,,,,2,310991,3,6
310993,1.0,,,4.0,,,,,,,,,,,,,,,,,,,,,,,,,,,,,,,2,310993,4,7
310996,3.0,3.0,,,,,,,,,,,,,,,,,,,,,,,,,,,,,,,,,2,310996,4,6
311394,7.0,,,1.0,,,,,,,,,,,,,,,,,,,,,,,,,,,,,,,2,311394,2,8
313248,10.0,1.0,,1.0,,,,,,,,,,,,,,,,,,,,,,,,,,,,,,,3,313248,10,12
313621,57.0,3.0,2.0,8.0,1.0,2.0,,,,,,,2.0,,,,,,,,,,,,1.0,,,3.0,,,,,,,9,313621,48,80
313969,31.0,,,1.0,,,,,,,,,1.0,,,,,,,,,,,,,,,,,,,,,,3,313969,20,33
313970,1.0,,1.0,1.0,,,,,,,,,,,,,,,,,,,,,,,,,,,,,,,3,313970,3,3
314336,1.0,,,,,,,,,,,,,,,,,,,,,,,,,,,,,,,,,,1,314336,1,1
314337,2.0,,,,,,,,,,,,,,,,,,,,,,,,,,,,,,,,,,1,314337,2,2
314700,144.0,2.0,,13.0,2.0,,,,,,1.0,,,,,,,,1.0,,,,,,,,,,,,,,,,6,314700,109,165
315079,27.0,1.0,1.0,6.0,,,,,,,,,,,,,,,,,,,,,,,,,,,,,,,4,315079,29,37
315080,9.0,,,,,,,,,,,,,,,,,,,,,,,,,,,,,,,,,,1,315080,4,9
315437,32.0,,1.0,1.0,,,,,,,,,,,,,,,,,,,,,2.0,,,,,,,,,,4,315437,28,36
315438,62.0,1.0,3.0,12.0,,,,,,,,,,,,,,,1.0,,,,,,,,,,,,,,,,5,315438,63,79
316925,1.0,,,,,,,,,,,,,,,,,,,,,,,,,,,,,,,,,,1,316925,1,1
318397,1.0,,,,,,,,,,,,,,,,,,,,,,,,,,,,,,,,,,1,318397,1,1
321827,2.0,,,,,,,,,,,,,,,,,,,,,,,,,,,,,,,,,,1,321827,2,2
666071,433.0,2.0,9.0,30.0,1.0,3.0,,,,,1.0,,3.0,,,1.0,,,2.0,,,,2.0,,,,,,,,,,,,11,666071,303,491
666585,1.0,,,,,,,,,,,,,,,,,,,,,,,,,,,,,,,,,,1,666585,1,1
668187,52.0,,2.0,8.0,,,,,,,,,,,,,,,,,,,,,,,,,,,,,,,3,668187,43,62
669101,38.0,,3.0,2.0,,,,,,,,,,,,,,,,,,,,,,,,,,,,,,,3,669101,35,43
671174,3.0,,,,,1.0,,,,,,,,,,,,,,,,,,,,,,,,,,,,,2,671174,3,4
671964,5.0,,,,,,,,,,,,,,,,,,,,,,,,,,,,,,,,,,1,671964,4,5
673744,,,1.0,,,,,,,,,,,,,,,,,,,,,,,,,,,,,,,,1,673744,1,1
674701,31.0,3.0,2.0,1.0,,,,,,,,,,,,,,,,,,,,,,,,,,,,,,,4,674701,30,38
676113,2.0,,,,,,,,,,,,,,,,,,,,,,,,,,,,,,,,,,1,676113,2,2
676217,,,,,,,,,,1.0,,,,,,,,,,,,,,,,,,,,,,,,,1,676217,1,1
676470,65.0,,1.0,7.0,,2.0,,,,,,,,,,,,,,,,,,,,,,,,,,,,,4,676470,66,79
677526,248.0,45.0,7.0,52.0,7.0,5.0,,12.0,,2.0,6.0,2.0,4.0,1.0,5.0,4.0,,1.0,1.0,,,,,3.0,1.0,,,,,,,,,,18,677526,353,425
678748,7.0,,,,,,,,,,,,,,,,,,,,,,,,,,,,,,,,,,1,678748,6,8
678893,882.0,232.0,31.0,108.0,14.0,12.0,1.0,3.0,,1.0,2.0,1.0,3.0,1.0,2.0,6.0,,1.0,12.0,,,,1.0,,,,,,,3.0,,,,,19,678893,1035,1362
678961,188.0,,3.0,5.0,,,,,,,,,,,,,,,,,,,,,,,,,,,,,,,3,678961,91,196
679663,,1.0,,,,,,,,,,,,,,,,,,,,,,,,,,,,,,,,,1,679663,1,1
680816,21.0,,,2.0,,,,,,,,,,,,,,,,,,,,,,,,,,,,,,,2,680816,18,24
681865,3.0,1.0,,43.0,,,,,,,,,1.0,,,,,,,,,,,,,,,,,,,,,,4,681865,48,55
684257,553.0,28.0,14.0,46.0,4.0,3.0,,2.0,,,4.0,,8.0,,,3.0,2.0,,1.0,,1.0,,,,,,,,,,,,,,13,684257,510,676
684469,2.0,,,1.0,,,,,,,,,,,,,,,,,,,,,,,,,,,,,,,2,684469,3,3
684687,4.0,,1.0,2.0,,,,,,,,,,,,,,,,,,,,,,,,,,,,,,,3,684687,6,7
685331,11.0,,,,,,,,,,1.0,,,,,,,,,,,,,,,,,,,,,,,,2,685331,11,12
687838,400.0,15.0,9.0,35.0,1.0,6.0,,,,,2.0,,8.0,1.0,,3.0,,,1.0,2.0,,,2.0,,1.0,,,1.0,,,,,1.0,,16,687838,380,492
688752,97.0,,5.0,7.0,1.0,,4.0,4.0,,,,,1.0,,,,,,2.0,,,,,,,,,,,,,,,,8,688752,83,123
688889,8.0,1.0,1.0,2.0,,,,,,,,,,,,,,,,,,,,,,,,,,,,,,,4,688889,11,12
688910,10.0,,,2.0,,,,,,,,,,,,,,,,,,,,,,,,,,,,,,,2,688910,11,12
689166,743.0,61.0,22.0,95.0,10.0,12.0,,2.0,,1.0,3.0,,52.0,2.0,,3.0,,1.0,8.0,,,,,,1.0,,,,,1.0,,,,,16,689166,814,1025
689560,89.0,25.0,4.0,10.0,1.0,,,,,2.0,,,,,,,1.0,,7.0,,,,,1.0,1.0,,,,,,,,,,10,689560,102,146
690150,2.0,,,,,,,,,,,,,,,,,,,,,,,,,,,,,,,,,,1,690150,2,2
691243,12.0,,1.0,2.0,,,,,,,,,,,,,,,,,,,,,,,,,,,,,,,3,691243,15,15
691655,122.0,,4.0,12.0,2.0,13.0,,,,,1.0,,,,1.0,1.0,,,1.0,,,,,,,,,,,,,,,,9,691655,116,158
692032,6587.0,2850.0,508.0,6017.0,550.0,440.0,105.0,589.0,16.0,109.0,282.0,136.0,326.0,49.0,243.0,335.0,15.0,49.0,92.0,23.0,50.0,85.0,25.0,52.0,71.0,22.0,15.0,24.0,13.0,24.0,19.0,23.0,17.0,12.0,34,692032,13557,20992
693828,2.0,,1.0,1.0,,,,1.0,,,,,,,,,,,,,,,,,,,,,,,,,,,4,693828,5,5
694390,5177.0,139.0,345.0,748.0,19.0,24.0,4.0,50.0,,2.0,36.0,1.0,503.0,2.0,4.0,9.0,1.0,,14.0,1.0,7.0,2.0,57.0,15.0,8.0,,,7.0,1.0,2.0,,,,,26,694390,3717,7376
694703,1.0,,,,,,,,,,,,,,,,,,,,,,,,,,,,,,,,,,1,694703,1,1
695237,23.0,,,,1.0,,,,,,,,1.0,,,,,,,,,,,,,,,,,,,,,,3,695237,21,25
696228,57.0,11.0,32.0,10.0,1.0,,,,,,,,1.0,,1.0,,,,,,,,,,,,,,,,,,,,7,696228,67,114
696609,3.0,1.0,,,,,,,,,,,,,,,,,,,,,,,,,,,,,,,,,2,696609,3,4
697630,94.0,3.0,2.0,14.0,2.0,1.0,,4.0,,,,,2.0,,,,,,1.0,,,,1.0,,,,,,,,,,,,10,697630,94,126
697664,4.0,,,,,,,,,,,,,,,,,,,,,,,,,,,,,,,,,,1,697664,2,4
697748,4.0,1.0,,2.0,,1.0,,,,,,,,,,,,,2.0,,,,,,,,,,,,,,,,5,697748,8,10
697841,165.0,2.0,2.0,13.0,,,,,,,2.0,,1.0,3.0,,,,,,1.0,,,,,1.0,,,,,,,,,,9,697841,149,190
698037,64.0,,3.0,,,,,,,,,,,,,,,,,,,,,,,,,,,,,,,,2,698037,11,67
698092,2.0,,,,,,,,,,,,,,,,,,,,,,,,,,,,,,,,,,1,698092,1,2
699650,7.0,,,,,,,,,,,,,,,,,,,,,,,,,,,,,,,,,,1,699650,4,7
700781,15.0,1.0,,1.0,,,,,,,,,,,,,,,,,,,,,,,,,,,,,,,3,700781,16,17
701061,4.0,2.0,,,,,,,,,,,,,,,,,,,,,,,,,,,,,,,,,2,701061,4,6
701317,1501.0,74.0,68.0,175.0,18.0,23.0,2.0,31.0,2.0,2.0,8.0,4.0,30.0,1.0,,26.0,3.0,3.0,1.0,,6.0,,3.0,,,,,,,,,3.0,,1.0,22,701317,1245,2029
702256,23.0,1.0,,3.0,,,,,,,,,,,,,,,,,,,,,,,,,,,,1.0,,,4,702256,23,30
704084,36.0,3.0,1.0,4.0,,,,,,,1.0,,,,,,,,,,,,,,1.0,,,,,,,,,,6,704084,38,46
704128,1.0,,,,,,,,,,,,,,,,,,,,,,,,,,,,,,,,,,1,704128,1,1
704920,3.0,,,,,,,,,,,,,,,,,,,,,,,,,,,,,,,,,,1,704920,3,3
705665,3.0,,,1.0,,,,,,,,,,,,,,,,,,,,,,,,,,,,,,,2,705665,4,4
707735,1.0,,,,,,,,,,,,,,,,,,,,,,,,,,,,,,,,,,1,707735,1,1
707975,19.0,,,,,,,,,,,,,,,,,,,,,,,,,,,,,,,,,,1,707975,17,19
709985,17.0,,1.0,2.0,,,,,,,,,,,,,,,,,,,,,,,,,,,,,,,3,709985,14,20
710207,4.0,,,,,,,,,,,,,,,,,,,,,,,,,,,,,,,,,,1,710207,4,4
710673,2401.0,148.0,88.0,402.0,24.0,45.0,2.0,13.0,1.0,9.0,55.0,4.0,24.0,3.0,6.0,19.0,5.0,2.0,10.0,,2.0,1.0,1.0,3.0,7.0,1.0,4.0,5.0,3.0,2.0,,,2.0,,30,710673,2305,3341
711711,235.0,18.0,4.0,16.0,6.0,2.0,,,,,2.0,1.0,2.0,1.0,,1.0,,,,,,,,,,,,,,,,,,,11,711711,229,288
713263,23.0,,1.0,1.0,,,,,,,,,,,,,,,,,,,,,,,,,,,,,,,3,713263,16,25
714441,7.0,,,1.0,,,,,,,,,,,,,,,,,,,,,,,,,,,,,,,2,714441,5,8
714782,1.0,,,1.0,,,,,,,,,,,,,,,,,,,,,,,,,,,,,,,2,714782,2,2
716052,1.0,,,,,,,,,,,,,,,,,,,,,,,,,,,,,,,,,,1,716052,1,1
716143,2.0,,,,,,,,,,,,,,,,,,,,,,,,,,,,,,,,,,1,716143,2,2
716274,62.0,2.0,,2.0,,,,,,,,,,,,,,,,,,,,,,,,,,,,,,,3,716274,54,66
716652,6.0,,8.0,4.0,1.0,,,,,,,,,,,,,,1.0,,,,,,,,,,,,,,,,5,716652,10,21
719445,1.0,,,,,,,,,,,,,,,,,,,,,,,,,,,,,,,,,,1,719445,1,1
737187,2.0,,,,,,,,,,,,,,,,,,,,,,,,,,,,,,,,,,1,737187,2,2
746003,3.0,,,1.0,,,,,,,,,,,,,,,,,,,,,,,,,,,,,,,2,746003,4,4
755306,4.0,1.0,,,,,,,,,,,,,,,,,,,,,,,,,,,,,,,,,2,755306,5,5
763276,1.0,1.0,,1.0,,,,,,,,,,,,,,,,,,,,,,,,,,,,,,,3,763276,3,3
764708,2.0,,,,,,,,,,,,,,,,,,,,,,,,,,,,,,,,,,1,764708,1,2
767148,2.0,,,,,,,,,,,,,,,,,,,,,,,,,,,,,,,,,,1,767148,2,2
772936,,,,,,,,,,,,,1.0,,,,,,,,,,,,,,,,,,,,,,1,772936,1,1
783422,3.0,,,,,,,,,,,,,,,,,,,,,,,,,,,,,,,,,,1,783422,1,3
790703,23.0,3.0,,1.0,,,,,,,,,,,1.0,,,,,,,,,,,,,,,,,,,,4,790703,8,28
794077,197.0,57.0,10.0,71.0,5.0,6.0,,1.0,,1.0,3.0,4.0,5.0,,,2.0,,,2.0,1.0,,,,,1.0,,,,,1.0,,,,,16,794077,277,375
796038,3.0,,,,,,,,,,,,,,,,,,,,,,,,,,,,,,,,,,1,796038,2,3
808493,12.0,,,,,,,,,,,,,,,,,,,,,,,,,,,,,,,,,,1,808493,11,12
831078,12.0,,,5.0,,,,,,,,,,,,,,,,,,,,,,,,,,,,,,,2,831078,6,17
833587,1.0,,,,,,,,,,,,,,,,,,,,,,,,,,,,,,,,,,1,833587,1,1
851944,1.0,,,,,,,,,,,,,,,,,,,,,,,,,,,,,,,,,,1,851944,1,1
869370,2.0,,,,,,,,,,,,,,,,,,,,,,,,,,,,,,,,,,1,869370,2,2
869702,4.0,,,1.0,,,,,,,,,,,,,,,,,,,,,,,,,,,,,,,2,869702,4,5
871241,506.0,13.0,6.0,43.0,6.0,7.0,,3.0,,3.0,5.0,3.0,9.0,3.0,6.0,5.0,3.0,,2.0,,,,,,2.0,,,,,,,,,,17,871241,382,634
879108,,,1.0,,,,1.0,,,,,,,,,,,,,,,,,,,,,,,,,,,,2,879108,2,2
879838,,3.0,,,,,,,,,,,,,,,,,,,,,,,,,,,,,,,,,1,879838,1,3
880774,14.0,6.0,4.0,13.0,2.0,,,,,,1.0,,,,,2.0,,,,,,,,,,,,,,,,,,,7,880774,43,47
888661,103.0,5.0,2.0,17.0,,,,1.0,,1.0,,1.0,1.0,,,,,,,,,,,,,,,,,,,,,,8,888661,95,132
902430,,,,3.0,,,,,,,,,,,,,,,,,,,,,,,,,,,,,,,1,902430,1,3
910909,8.0,,,,,,,,,,,,,,,,,,,,,,,,,,,,,,,,,,1,910909,7,8
913048,28.0,,,,,,,,,,,,,,,,,,,,,,,,,,,,,,,,,,1,913048,4,28
914512,1.0,,,,,,,,,,,,,,,,,,,,,,,,,,,,,,,,,,1,914512,1,1
920259,16.0,,,4.0,,,,,,,,,1.0,,,,,,,,,,,,,,,,,,,,,,3,920259,19,21
940604,1.0,,,,,,,,,,,,,,,,,,,,,,,,,,,,,,,,,,1,940604,1,1
943004,7.0,,,2.0,,1.0,,,,,,,,,,,,,,,,,,,,,,,,,,,,,3,943004,9,10
971267,159.0,15.0,3.0,27.0,,3.0,,,,,5.0,,,,,,3.0,,,,,,1.0,,,,,,,,,,,,8,971267,138,219
993728,87.0,14.0,,9.0,,,,,,,,,1.0,,,,,,3.0,,,,,,,,,1.0,,,,,,,6,993728,78,119
993754,1.0,,,,,,,,,,,,,,,,,,,,,,,,,,,,,,,,,,1,993754,1,1
994028,,1.0,,,,,,,,,,,,,,,,,,,,,,,,,,,,,,,,,1,994028,1,1
994316,2.0,,,,,,,,,,,,,,,,,,,,,,,,,,,,,,,,,,1,994316,2,2
995304,2.0,5.0,1.0,,,,,,,,,,,,,,,,1.0,,,,,,,,,,,,,,,,4,995304,5,9
1124147,54.0,1.0,1.0,8.0,,,,,,,,,,,,1.0,,,,,,,,,2.0,,,,,,,,,,6,1124147,59,70
1124178,13.0,,,1.0,,,,,,,,,,,,,,,,,,,,,,1.0,,,,,,,,,3,1124178,11,15
1124467,,,,1.0,,,,,,,,,,,,,,,,,,,,,,,,,,,,,,,1,1124467,1,1
1124577,2.0,,,,,,,,,,,,,,,,,,,,,,,,,,,,,,,,,,1,1124577,1,2
1124676,,,,1.0,,,,,,,,,,,,,,,,,,,,,,,,,,,,,,,1,1124676,1,1
1125156,2.0,,,,,,,,,,,,,,,,,1.0,,,,,,,,,,,,,,,,,2,1125156,2,3
1125497,4.0,,,,,,,,,,,,,,,,,,,,,,,,,,,,,,,,,,1,1125497,3,4
1125536,6.0,,,,,,,,,,,,,,,,,,,,,,2.0,,,,,,,,,,,,2,1125536,7,8
1125628,2.0,,,2.0,,,,,,,,,,,,,,,,,,,,,,,,,,,,,,,2,1125628,5,5
1126370,166.0,5.0,4.0,15.0,,1.0,,,,,1.0,,,,,,,,1.0,,,,,,1.0,,,,,,,,,,8,1126370,118,195
1126386,164.0,23.0,3.0,16.0,1.0,,,,,,1.0,,,,1.0,,1.0,,2.0,,,,,1.0,,,,1.0,,,,,,,11,1126386,135,215
1126388,18.0,,,,,,,,,,,,,,,,,,,,,,,,,,,,,,,,,,1,1126388,14,18
1126435,,,3.0,,,,,,,,,,,,,,,,,,,,,,,,,,,,,,,,1,1126435,1,3
1162782,22.0,,,,,,,,,,,,,,,,,,,,,,,,,,,,,,,,,,1,1162782,10,22
1175811,1.0,,,,,,,,,,,,,,,,,,,,,,,,,,,,,,,,,,1,1175811,1,1
1185212,30.0,,,,,,,,,,,,,,,,,,,,,,,,,,,,,,,,,,1,1185212,27,30
1190088,1.0,,,,,,,,,,,,,,,,,,,,,,,,,,,,,,,,,,1,1190088,1,1
1229304,265.0,,3.0,29.0,1.0,,,1.0,,,1.0,,1.0,,,1.0,,,,,,,,,,1.0,,,,,,,,,9,1229304,151,304
1237371,,,,1.0,,,,,,,,,,,,,,,,,,,,,,,,,,,,,,,1,1237371,2,2
1267800,1.0,,,,,,,,,,,,,,,,,,,,,,,,,,,,,,,,,,1,1267800,1,1
1267844,1.0,,,,,,,,,,,,,,,,,,,,,,,,,,,,,,,,,,1,1267844,1,1
1270596,2.0,,,1.0,1.0,,,,,,,,,,,,,,,,,,,,,,,,,,,,,,3,1270596,4,4
1284111,3.0,,,,,,,,,,,,,,,,,,,,,,,,,,,,,,,,,,1,1284111,2,3
1297476,10.0,,,,,,,,,,,,,,,,,,,,,,,,,,,,,,,,,,1,1297476,2,10
1347115,15.0,,,13.0,,,,,,,,,,,,33.0,,,,,,,,,,,,,,,,,,,3,1347115,23,62
1378657,1.0,,,,,,,,,,,,,,,,,,,,,,,,,,,,,,,,,,1,1378657,1,1
1401078,19.0,,,,,,,,,,,,,,,,,,,,,,,,,,,,,,,,,,1,1401078,7,19
1404241,1.0,,,,,,,,,,,,,,,,,,,,,,,,,,,,,,,,,,1,1404241,1,1
1406775,,,,,,,,,,,,,1.0,,,,,,,,,,,,,,,,,,,,,,1,1406775,1,1
1416782,3.0,,,,,,,,,,,,,,,,,,,,,,,,,,,,,,,,,,1,1416782,3,3
1424482,1.0,,,1.0,,,2.0,,,,,,,,,,,,,,,,,,,,,,,,,,,,3,1424482,3,4
1463198,10.0,,1.0,2.0,,,,1.0,,,,,,,,,,,,,,,,,,,,,,,,,,,4,1463198,12,14
1473355,22.0,,2.0,2.0,,,,,,,,,,,,,,,,,,,,,,,,,,,,,,,3,1473355,19,26
1491575,2.0,,,,,,,,,,,,,,,,,,,,,,,,,,,,,,,,,,1,1491575,1,2
1496095,13.0,3.0,,5.0,,,,,,,2.0,,,,,1.0,,,,,,,,,,,,,,,,,,,5,1496095,18,24
1498523,86.0,2.0,,6.0,2.0,,,,,,,,,,,,,,1.0,,,,,,,,,,23.0,,,,,,6,1498523,37,121
1502114,4.0,,,,,,,,,,,,,,,,,,,,,,,,,,,,,,,,,,1,1502114,4,4
1507456,9.0,,,,,,,,,,,,,,,,,,,,,,,,,,,,,,,,,,1,1507456,8,9
1531002,7.0,,,,,,,,,,,,,,,,,,,,,,,,,3.0,,,,,,,,,2,1531002,3,10
1547352,1.0,,,,,,,,,,,,,,,,,,,,,,,,,,,,,,,,,,1,1547352,1,1
1625437,5.0,,,,,,,,,,,,,,,,,,,,,,,,,,,,,,,,,,1,1625437,4,5
1640013,1.0,,,,,,,,,,,,,,,,,,,,,,,,,,,,,,,,,,1,1640013,1,1
1651833,57.0,,2.0,4.0,,,,,,,,,,,,,,,1.0,,,,,,,,,,,,,,,,4,1651833,23,65
1669290,1.0,,,,,,,,,,,,,,,,,,,,,,,,,,,,,,,,,,1,1669290,1,1
1673629,8.0,2.0,,,,,,,,,,,,,,,,,,,,,,,,,,,,,,,,,2,1673629,10,10
1677602,10.0,,4.0,1.0,4.0,,,,,,,,,,,,,,,,,,,,,,,,,,,,,,4,1677602,14,19
1688745,4.0,,,,,,,,,,,,,,,,,,,,,,,,,,,,,,,,,,1,1688745,3,4
1688778,1.0,,,,,,,,,,,,,,,,,,,,,,,,,,,,,,,,,,1,1688778,1,1
1714018,,,1.0,,,,,,,,,,,,,,,,,,,,,,,,,,,,,,,,1,1714018,1,1
1714647,333.0,12.0,9.0,44.0,,,,,,,,,,,,,,,,,,,,,,,,1.0,,,,,,,5,1714647,207,403
1806916,21.0,5.0,1.0,1.0,,,,,,,,,,,,,,,,,,,,,,,,,,,,,,,4,1806916,26,28
1824180,1.0,,1.0,,,,,,,,,,,,,,,,,,,,,,,,,,,,,,,,2,1824180,2,2
1837304,13.0,,,7.0,1.0,,,,,,,,,4.0,,,,,1.0,,,,,,,,,,,,,,,,5,1837304,22,26
1851893,2.0,,,,,,,,,,1.0,,,,,,,,,,,,,,,,,,,,,,,,2,1851893,3,3
1917101,2.0,,,1.0,,,,,,,,,,,,,,,,,,,,,,,,,,,,,,,2,1917101,3,3
1947875,2.0,,,,,,,,,,,,,,,,,,,,,,,,,,,,,,,,,,1,1947875,1,2
1959856,1.0,,,,,,,,,,,,,,,,,,,,,,,,,,,,,,,,,,1,1959856,1,1
1964568,1.0,,,,,,,,,,,,,,,,,,,,,,,,,,,,,,,,,,1,1964568,1,1
2018555,3.0,,,,,,,,,,,,,,,,,,,,,,,,,,,,,,,,,,1,2018555,1,3
2134910,3.0,,,,,,,,,,,,,,,,,,,,,,,,,,,,,,,,,,1,2134910,1,3
2228050,3.0,,,,,,,,,,,,,,,,,,,,,,,,,,,,,,,,,,1,2228050,2,3
2229042,3.0,,,,,,,,,,,,,,,,,,,,,,,,,,,,,,,,,,1,2229042,1,3
2235074,1.0,,,,,,,,,,,,,,,,,,,,,,,,,,,,,,,,,,1,2235074,1,1
2262574,3.0,,1.0,2.0,,,,,,,,,,,,,,,,,,,,,,,,,,,,,,,3,2262574,6,6
2280414,,,,,,,,,,2.0,,,,,,,,,,,,,,,,,,,,,,,,,1,2280414,3,3
2282300,9.0,,,,,,,,,,,,,,,,,,,,,,,,,,,,,,,,,,1,2282300,6,9
2439177,278.0,8.0,4.0,25.0,3.0,,,1.0,,,,,,,,,,,,1.0,,,,,1.0,,,2.0,,,,,,,9,2439177,211,327
2453073,,2.0,,,,,,,,,,,,,,,,,,,,,,,,,,,,,,,,,1,2453073,1,2
2500548,1.0,,,2.0,,,,,,,,,,,,,,,,,,,,,,,,,,,,,,,2,2500548,2,3
2510070,96.0,9.0,4.0,23.0,3.0,,1.0,,,,1.0,,,,,1.0,,,1.0,,3.0,,,,,,,,,,,,,,10,2510070,105,144
2519246,8.0,,,,,,,,,,,,,,,,,,,,,,,,,,,,,,,,,,1,2519246,5,9
2539700,6.0,1.0,,,,,,,,,3.0,,,,,,,,,,,,,,,,,,,,,,,,3,2539700,8,10
2569957,1.0,,,,,,,,,,,,,,,,,,,,,,,,,,,,,,,,,,1,2569957,1,1
2629743,4.0,,,,,,,,,,,,,,,,,,,,,,,,,,,,,,,,,,1,2629743,2,4
3257461,3.0,,1.0,,,2.0,,,,,,,,,,,,,,,,,,,,,,,,,,,,,3,3257461,6,6
3316451,15.0,1.0,,18.0,6.0,1.0,,2.0,,,,,1.0,,,,,,,,,1.0,,,,,,,,,,,,,8,3316451,38,47
3337839,1.0,,,,,,,,,,,,,,,,,,,,,,,,,,,,,,,,,,1,3337839,1,1
3374960,3.0,,,,,,,,,,,,,,,,,,,,,,,,,,,,,,,,,,1,3374960,3,3
3385325,1.0,,,,,,,,,,,,,,,,,,,,,,,,,,,,,,,,,,1,3385325,1,1
3385326,53.0,4.0,,5.0,,,,,,,,,,,,,,,,,,,,,,,,,,,,,,,3,3385326,48,62
3385327,3.0,,,,,,,,,,,,,,,,,,,,,,,,,,,,,,,,,,1,3385327,1,3
3391031,70.0,4.0,,1.0,1.0,1.0,,,,,,,,,,,,,,,,,,,,,,,,,,1.0,,,6,3391031,55,80
3455838,1412.0,54.0,71.0,212.0,17.0,18.0,1.0,4.0,,,14.0,1.0,15.0,6.0,4.0,7.0,2.0,,7.0,,1.0,1.0,5.0,2.0,1.0,,,2.0,,,,,,,22,3455838,1499,1903
3456515,2.0,,,,,,,,,,,,,,,,,,,,,,,,,,,,,,,,,,1,3456515,2,2
3506417,1.0,,,,,,,,,,,,,,,,,,,,,,,,,,,,,,,,,,1,3506417,1,1
3514527,2.0,,,,,,,,,,,,,,,,,,,,,,,,,,,,,,,,,,1,3514527,2,2
3525606,,,,,,,,,,,,,,,,,,,,,,,,1.0,,,,,,,,,,,1,3525606,1,1
5001806,1.0,,,1.0,,,,,,,,,,,,,,,,,,,,,,,,,,,,,,,2,5001806,2,2
5226902,2.0,,,1.0,,,,,,,,,,,,,,,,,,,,,,,,,,,,,,,2,5226902,3,3
